datetime,open,high,low,close,volume,symbol,lowestlow_10,bull_pivot,bull_pivot2,bull_pivot3,bull_pivot5,bull_pivot7,bull_pivotw,close_bullpivot,close_bullpivot2,close_bullpivot3,close_bullpivot5,close_bullpivot7,close_bullpivotw
2023-05-03 09:30:00,411.36,411.6,411.31,411.57,356969,SPY,,False,False,False,False,False,False,,,,,,
2023-05-03 09:31:00,411.56,411.67,411.35,411.49,199980,SPY,,False,False,False,False,False,False,,,,,,
2023-05-03 09:32:00,411.51,411.74,411.5001,411.66,150035,SPY,,False,False,False,False,False,False,,,,,,
2023-05-03 09:33:00,411.68,411.69,411.44,411.461,134624,SPY,,False,False,False,False,False,False,,,,,,
2023-05-03 09:34:00,411.48,411.535,411.28,411.43,244951,SPY,,False,False,False,False,False,False,,,,,,
2023-05-03 09:35:00,411.42,411.5491,411.29,411.49,108760,SPY,,False,False,False,False,False,False,,,,,,
2023-05-03 09:36:00,411.48,411.61,411.4,411.455,114860,SPY,,False,False,False,False,False,False,,,,,,
2023-05-03 09:37:00,411.46,411.47,411.25,411.3017,132450,SPY,,False,False,False,False,False,False,,,,,,
2023-05-03 09:38:00,411.3009,411.57,411.28,411.55,157944,SPY,,False,False,False,False,False,False,,,,,,
2023-05-03 09:39:00,411.575,411.715,411.5,411.52,115165,SPY,411.25,False,False,False,False,False,False,,,,,,
2023-05-03 09:40:00,411.5,411.71,411.5,411.64,116689,SPY,411.25,False,False,False,False,False,False,False,False,False,False,False,False
2023-05-03 09:41:00,411.63,411.735,411.5,411.5,70244,SPY,411.25,False,False,False,False,False,False,False,False,False,False,False,False
2023-05-03 09:42:00,411.5,411.7,411.4,411.67,98666,SPY,411.25,False,False,False,False,False,False,False,False,False,False,False,False
2023-05-03 09:43:00,411.67,411.7899,411.63,411.78,140499,SPY,411.25,False,False,False,False,False,False,False,False,False,False,False,False
2023-05-03 09:44:00,411.78,411.78,411.59,411.62,119250,SPY,411.25,False,False,False,False,False,False,False,False,False,False,False,False
2023-05-03 09:45:00,411.65,411.92,411.53,411.8442,199392,SPY,411.25,False,False,False,False,False,False,False,False,False,False,False,False
2023-05-03 09:46:00,411.84,411.86,411.65,411.6811,108870,SPY,411.25,False,False,False,False,False,False,False,False,False,False,False,False
2023-05-03 09:47:00,411.68,411.8,411.58,411.795,214562,SPY,411.28,False,False,False,False,False,False,False,False,False,False,False,False
2023-05-03 09:48:00,411.79,411.88,411.74,411.88,99759,SPY,411.4,False,False,False,False,False,False,False,False,False,False,False,False
2023-05-03 09:49:00,411.89,411.97,411.84,411.895,81557,SPY,411.4,False,False,False,False,False,False,False,False,False,False,False,False
2023-05-03 09:50:00,411.9,412.17,411.9,412.0867,167626,SPY,411.4,False,False,False,False,False,False,False,False,False,False,False,False
2023-05-03 09:51:00,412.085,412.33,412.07,412.3199,204757,SPY,411.4,False,False,False,False,False,False,False,False,False,False,False,False
2023-05-03 09:52:00,412.33,412.65,412.33,412.55,445993,SPY,411.53,False,False,False,False,False,False,False,False,False,False,False,False
2023-05-03 09:53:00,412.53,412.55,412.25,412.32,226286,SPY,411.53,False,False,False,False,False,False,False,False,False,False,False,False
2023-05-03 09:54:00,412.305,412.4,412.21,412.36,135644,SPY,411.53,False,False,False,False,False,False,False,False,False,False,False,False
2023-05-03 09:55:00,412.37,412.52,412.27,412.48,158574,SPY,411.58,False,False,False,False,False,False,False,False,False,False,False,False
2023-05-03 09:56:00,412.4874,412.49,412.3401,412.3681,95547,SPY,411.58,False,False,False,False,False,False,False,False,False,False,False,False
2023-05-03 09:57:00,412.36,412.42,412.21,412.3012,108157,SPY,411.74,False,False,False,False,False,False,False,False,False,False,False,False
2023-05-03 09:58:00,412.315,412.33,412.1898,412.2,80758,SPY,411.84,False,False,False,False,False,False,False,False,False,False,False,False
2023-05-03 09:59:00,412.2,412.24,412.12,412.19,74509,SPY,411.9,False,False,False,False,False,False,False,False,False,False,False,False
2023-05-03 10:00:00,412.21,412.47,412.11,412.44,132607,SPY,412.07,False,False,False,False,False,False,False,False,False,False,False,False
2023-05-03 10:01:00,412.45,412.48,412.18,412.38,105162,SPY,412.11,False,False,False,False,False,False,False,False,False,False,False,False
2023-05-03 10:02:00,412.3716,412.465,412.25,412.2522,123826,SPY,412.11,False,False,False,False,False,False,False,False,False,False,False,False
2023-05-03 10:03:00,412.26,412.26,411.93,411.99,145437,SPY,411.93,False,False,False,False,False,False,False,False,False,False,False,False
2023-05-03 10:04:00,411.99,412.11,411.95,412.08,127410,SPY,411.93,False,False,False,False,False,False,False,False,False,False,False,False
2023-05-03 10:05:00,412.09,412.18,411.97,411.995,72222,SPY,411.93,False,False,False,False,False,False,False,False,False,False,False,False
2023-05-03 10:06:00,411.99,412.06,411.86,412.015,95665,SPY,411.86,False,False,False,False,False,False,False,False,False,False,False,False
2023-05-03 10:07:00,412.02,412.11,411.945,412.1,74512,SPY,411.86,False,False,False,False,False,False,False,False,False,False,False,False
2023-05-03 10:08:00,412.095,412.14,411.99,412.05,114269,SPY,411.86,False,False,False,False,False,False,False,False,False,False,False,False
2023-05-03 10:09:00,412.06,412.12,411.91,412.08,46594,SPY,411.86,False,False,False,False,False,False,False,False,False,False,False,False
2023-05-03 10:10:00,412.07,412.21,411.97,411.9899,80915,SPY,411.86,False,False,False,False,False,False,False,False,False,False,False,False
2023-05-03 10:11:00,411.978,412.08,411.83,411.85,110404,SPY,411.83,False,False,False,False,False,False,False,False,False,False,False,False
2023-05-03 10:12:00,411.835,411.88,411.6,411.62,147422,SPY,411.6,False,False,False,False,False,False,False,False,False,False,False,False
2023-05-03 10:13:00,411.61,411.7499,411.57,411.58,118163,SPY,411.57,False,False,False,False,False,False,False,False,False,False,False,False
2023-05-03 10:14:00,411.58,411.649,411.4,411.5895,140154,SPY,411.4,False,False,False,False,False,False,False,False,False,False,False,False
2023-05-03 10:15:00,411.6099,411.72,411.475,411.66,147141,SPY,411.4,False,False,False,False,False,False,False,False,False,False,False,False
2023-05-03 10:16:00,411.64,411.71,411.59,411.59,119648,SPY,411.4,False,False,False,False,False,False,False,False,False,False,False,False
2023-05-03 10:17:00,411.58,411.8179,411.5401,411.8101,76190,SPY,411.4,False,False,False,False,False,False,False,False,False,False,False,False
2023-05-03 10:18:00,411.82,411.86,411.66,411.7619,89342,SPY,411.4,False,False,False,False,False,False,False,False,False,False,False,False
2023-05-03 10:19:00,411.7622,411.77,411.62,411.74,61512,SPY,411.4,False,False,False,False,False,False,False,False,False,False,False,False
2023-05-03 10:20:00,411.7501,411.84,411.735,411.765,76842,SPY,411.4,False,False,False,False,False,False,False,False,False,False,False,False
2023-05-03 10:21:00,411.76,411.9176,411.76,411.83,91455,SPY,411.4,False,False,False,False,False,False,False,False,False,False,False,False
2023-05-03 10:22:00,411.83,412.09,411.815,412.09,137978,SPY,411.4,False,False,False,False,False,False,False,False,False,False,False,False
2023-05-03 10:23:00,412.08,412.08,411.85,411.925,152065,SPY,411.4,False,False,False,False,False,False,False,False,False,False,False,False
2023-05-03 10:24:00,411.91,411.96,411.82,411.95,78296,SPY,411.475,False,False,False,False,False,False,False,False,False,False,False,False
2023-05-03 10:25:00,411.95,411.95,411.79,411.9,63648,SPY,411.5401,False,False,False,False,False,False,False,False,False,False,False,False
2023-05-03 10:26:00,411.8823,411.9,411.75,411.78,82391,SPY,411.5401,False,False,False,False,False,False,False,False,False,False,False,False
2023-05-03 10:27:00,411.78,411.8,411.61,411.69,78725,SPY,411.61,False,False,False,False,False,False,False,False,False,False,False,False
2023-05-03 10:28:00,411.68,411.7,411.54,411.6,105127,SPY,411.54,False,False,False,False,False,False,False,False,False,False,False,False
2023-05-03 10:29:00,411.58,411.58,411.38,411.45,115333,SPY,411.38,False,False,False,False,False,False,False,False,False,False,False,False
2023-05-03 10:30:00,411.43,411.59,411.375,411.531,176190,SPY,411.375,False,False,False,False,False,False,False,False,False,False,False,False
2023-05-03 10:31:00,411.53,411.5899,411.33,411.46,149269,SPY,411.33,False,False,False,False,False,False,False,False,False,False,False,False
2023-05-03 10:32:00,411.45,411.59,411.4201,411.56,143234,SPY,411.33,False,False,False,False,False,False,False,False,False,False,False,False
2023-05-03 10:33:00,411.555,411.62,411.48,411.51,139629,SPY,411.33,False,False,False,False,False,False,False,False,False,False,False,False
2023-05-03 10:34:00,411.51,411.573,411.425,411.48,99712,SPY,411.33,False,False,False,False,False,False,False,False,False,False,False,False
2023-05-03 10:35:00,411.48,411.61,411.4001,411.55,88580,SPY,411.33,False,False,False,False,False,False,False,False,False,False,False,False
2023-05-03 10:36:00,411.5438,411.629,411.43,411.629,109662,SPY,411.33,False,False,False,False,False,False,False,False,False,False,False,False
2023-05-03 10:37:00,411.615,411.65,411.3799,411.41,86938,SPY,411.33,False,False,False,False,False,False,False,False,False,False,False,False
2023-05-03 10:38:00,411.395,411.425,411.28,411.34,89286,SPY,411.28,False,False,False,False,False,False,False,False,False,False,False,False
2023-05-03 10:39:00,411.342,411.342,411.14,411.146,99060,SPY,411.14,False,False,False,False,False,False,False,False,False,False,False,False
2023-05-03 10:40:00,411.14,411.29,411.1,411.29,116710,SPY,411.1,False,False,False,False,False,False,False,False,False,False,False,False
2023-05-03 10:41:00,411.33,411.3799,411.19,411.33,88538,SPY,411.1,False,False,False,False,False,False,False,False,False,False,False,False
2023-05-03 10:42:00,411.33,411.35,411.1,411.18,94827,SPY,411.1,False,False,False,False,False,False,False,False,False,False,False,False
2023-05-03 10:43:00,411.17,411.2,411.05,411.055,87655,SPY,411.05,False,False,False,False,False,False,False,False,False,False,False,False
2023-05-03 10:44:00,411.05,411.18,411.0109,411.06,92485,SPY,411.0109,False,False,False,False,False,False,False,False,False,False,False,False
2023-05-03 10:45:00,411.06,411.24,411.0,411.0199,133919,SPY,411.0,False,False,False,False,False,False,False,False,False,False,False,False
2023-05-03 10:46:00,411.01,411.06,410.575,410.6,309992,SPY,410.575,False,False,False,False,False,False,False,False,False,False,False,False
2023-05-03 10:47:00,410.605,410.765,410.57,410.5801,210109,SPY,410.57,False,False,False,False,False,False,False,False,False,False,False,False
2023-05-03 10:48:00,410.58,410.83,410.51,410.76,181010,SPY,410.51,False,False,False,False,False,False,False,False,False,False,False,False
2023-05-03 10:49:00,410.75,411.01,410.7494,411.0,104255,SPY,410.51,False,True,False,False,False,False,False,False,False,False,False,False
2023-05-03 10:50:00,411.005,411.215,411.005,411.16,158013,SPY,410.51,False,False,False,False,False,False,False,False,False,False,False,False
2023-05-03 10:51:00,411.16,411.235,411.12,411.21,71643,SPY,410.51,False,False,False,False,False,False,False,False,False,False,False,False
2023-05-03 10:52:00,411.21,411.2434,410.99,411.005,81772,SPY,410.51,False,False,False,False,False,False,False,False,False,False,False,False
2023-05-03 10:53:00,411.01,411.11,410.9305,410.94,107515,SPY,410.51,False,False,False,False,False,False,False,False,False,False,False,False
2023-05-03 10:54:00,410.94,410.94,410.65,410.6801,191696,SPY,410.51,False,False,False,False,False,False,False,False,False,False,False,False
2023-05-03 10:55:00,410.69,410.8378,410.6,410.745,188592,SPY,410.51,False,False,False,False,False,False,False,False,False,False,False,False
2023-05-03 10:56:00,410.72,410.97,410.72,410.96,80790,SPY,410.51,False,False,False,False,False,False,False,False,False,False,False,False
2023-05-03 10:57:00,410.97,411.01,410.91,410.97,44058,SPY,410.51,False,False,False,False,False,False,False,False,False,False,False,False
2023-05-03 10:58:00,410.98,411.005,410.84,410.88,47692,SPY,410.6,False,False,False,False,False,False,False,False,False,False,False,False
2023-05-03 10:59:00,410.85,410.95,410.78,410.895,107925,SPY,410.6,False,False,False,False,False,False,False,True,False,False,False,False
2023-05-03 11:00:00,410.87,410.98,410.83,410.89,81973,SPY,410.6,False,False,False,False,False,False,False,False,False,False,False,False
2023-05-03 11:01:00,410.88,410.936,410.6,410.6,86545,SPY,410.6,False,False,False,False,False,False,False,False,False,False,False,False
2023-05-03 11:02:00,410.59,410.69,410.39,410.58,234604,SPY,410.39,False,False,False,False,False,False,False,False,False,False,False,False
2023-05-03 11:03:00,410.58,410.71,410.54,410.585,68371,SPY,410.39,False,False,False,False,False,False,False,False,False,False,False,False
2023-05-03 11:04:00,410.58,410.73,410.57,410.71,57385,SPY,410.39,False,False,False,False,False,False,False,False,False,False,False,False
2023-05-03 11:05:00,410.74,410.8,410.61,410.62,60402,SPY,410.39,False,False,False,False,False,False,False,False,False,False,False,False
2023-05-03 11:06:00,410.62,410.64,410.43,410.44,102777,SPY,410.39,False,False,False,False,False,False,False,False,False,False,False,False
2023-05-03 11:07:00,410.43,410.66,410.4,410.65,75209,SPY,410.39,False,False,False,False,False,False,False,False,False,False,False,False
2023-05-03 11:08:00,410.68,410.69,410.4,410.42,218541,SPY,410.39,False,False,False,False,False,False,False,False,False,False,False,False
2023-05-03 11:09:00,410.41,410.485,410.36,410.46,83571,SPY,410.36,False,False,False,False,False,False,False,False,False,False,False,False
2023-05-03 11:10:00,410.46,410.51,410.311,410.4899,107855,SPY,410.311,False,False,False,False,False,False,False,False,False,False,False,False
2023-05-03 11:11:00,410.49,410.5046,410.35,410.4,43348,SPY,410.311,False,False,False,False,False,False,False,False,False,False,False,False
2023-05-03 11:12:00,410.4,410.48,410.3,410.35,64263,SPY,410.3,False,False,False,False,False,False,False,False,False,False,False,False
2023-05-03 11:13:00,410.3599,410.5983,410.32,410.5785,95232,SPY,410.3,False,False,False,False,False,False,False,False,False,False,False,False
2023-05-03 11:14:00,410.56,410.66,410.54,410.61,76648,SPY,410.3,False,False,False,False,False,False,False,False,False,False,False,False
2023-05-03 11:15:00,410.61,410.64,410.52,410.5806,96328,SPY,410.3,False,False,False,False,False,False,False,False,False,False,False,False
2023-05-03 11:16:00,410.58,410.7499,410.54,410.71,81316,SPY,410.3,False,False,False,False,False,False,False,False,False,False,False,False
2023-05-03 11:17:00,410.7,410.79,410.6404,410.7393,84307,SPY,410.3,False,False,False,False,False,False,False,False,False,False,False,False
2023-05-03 11:18:00,410.74,410.8088,410.69,410.79,43237,SPY,410.3,False,False,False,False,False,False,False,False,False,False,False,False
2023-05-03 11:19:00,410.8,410.81,410.668,410.7318,65114,SPY,410.3,False,False,False,False,False,False,False,False,False,False,False,False
2023-05-03 11:20:00,410.75,410.83,410.64,410.82,44050,SPY,410.3,False,False,False,False,False,False,False,False,False,False,False,False
2023-05-03 11:21:00,410.81,410.8138,410.67,410.78,59932,SPY,410.3,False,False,False,False,False,False,False,False,False,False,False,False
2023-05-03 11:22:00,410.77,410.79,410.56,410.62,82935,SPY,410.32,False,False,False,False,False,False,False,False,False,False,False,False
2023-05-03 11:23:00,410.63,410.83,410.6,410.82,60079,SPY,410.52,False,False,False,False,False,False,False,False,False,False,False,False
2023-05-03 11:24:00,410.825,410.95,410.75,410.87,96851,SPY,410.52,False,False,False,False,False,False,False,False,False,False,False,False
2023-05-03 11:25:00,410.86,410.9,410.805,410.88,57499,SPY,410.54,False,False,False,False,False,False,False,False,False,False,False,False
2023-05-03 11:26:00,410.875,410.88,410.66,410.67,100538,SPY,410.56,False,False,False,False,False,False,False,False,False,False,False,False
2023-05-03 11:27:00,410.66,410.71,410.51,410.6611,86245,SPY,410.51,False,False,False,False,False,False,False,False,False,False,False,False
2023-05-03 11:28:00,410.66,410.67,410.47,410.54,100557,SPY,410.47,False,False,False,False,False,False,False,False,False,False,False,False
2023-05-03 11:29:00,410.54,410.7,410.5015,410.64,50269,SPY,410.47,False,False,False,False,False,False,False,False,False,False,False,False
2023-05-03 11:30:00,410.64,410.64,410.455,410.585,63777,SPY,410.455,False,False,False,False,False,False,False,False,False,False,False,False
2023-05-03 11:31:00,410.59,410.7,410.59,410.615,55442,SPY,410.455,False,False,False,False,False,False,False,False,False,False,False,False
2023-05-03 11:32:00,410.62,410.83,410.55,410.82,145966,SPY,410.455,False,False,False,False,False,False,False,False,False,False,False,False
2023-05-03 11:33:00,410.82,410.86,410.725,410.82,77367,SPY,410.455,False,False,False,False,False,False,False,False,False,False,False,False
2023-05-03 11:34:00,410.8,410.835,410.71,410.8092,75748,SPY,410.455,False,False,False,False,False,False,False,False,False,False,False,False
2023-05-03 11:35:00,410.8,410.975,410.8,410.87,94498,SPY,410.455,False,False,False,False,False,False,False,False,False,False,False,False
2023-05-03 11:36:00,410.86,411.04,410.83,410.99,115821,SPY,410.455,False,False,False,False,False,False,False,False,False,False,False,False
2023-05-03 11:37:00,410.99,411.035,410.92,411.005,153306,SPY,410.455,False,False,False,False,False,False,False,False,False,False,False,False
2023-05-03 11:38:00,411.0,411.03,410.84,411.03,89956,SPY,410.455,False,False,False,False,False,False,False,False,False,False,False,False
2023-05-03 11:39:00,411.01,411.06,410.96,410.9642,51345,SPY,410.455,False,False,False,False,False,False,False,False,False,False,False,False
2023-05-03 11:40:00,410.97,411.03,410.915,410.97,43409,SPY,410.55,False,False,False,False,False,False,False,False,False,False,False,False
2023-05-03 11:41:00,410.97,410.98,410.82,410.86,48836,SPY,410.55,False,False,False,False,False,False,False,False,False,False,False,False
2023-05-03 11:42:00,410.84,410.8492,410.74,410.8301,62658,SPY,410.71,False,False,False,False,False,False,False,False,False,False,False,False
2023-05-03 11:43:00,410.83,410.83,410.69,410.82,63619,SPY,410.69,False,False,False,False,False,False,False,False,False,False,False,False
2023-05-03 11:44:00,410.8,410.82,410.7015,410.815,71553,SPY,410.69,False,False,False,False,False,False,False,False,False,False,False,False
2023-05-03 11:45:00,410.82,410.98,410.78,410.96,51675,SPY,410.69,False,False,False,False,False,False,False,False,False,False,False,False
2023-05-03 11:46:00,410.95,411.05,410.93,411.0,53827,SPY,410.69,False,False,False,False,False,False,False,False,False,False,False,False
2023-05-03 11:47:00,411.0,411.2,411.0,411.165,99552,SPY,410.69,False,False,False,False,False,False,False,False,False,False,False,False
2023-05-03 11:48:00,411.17,411.18,410.98,411.035,37523,SPY,410.69,False,False,False,False,False,False,False,False,False,False,False,False
2023-05-03 11:49:00,411.02,411.03,410.97,411.0115,35091,SPY,410.69,False,False,False,False,False,False,False,False,False,False,False,False
2023-05-03 11:50:00,411.02,411.03,410.94,410.97,51504,SPY,410.69,False,False,False,False,False,False,False,False,False,False,False,False
2023-05-03 11:51:00,411.0,411.11,410.98,411.09,75292,SPY,410.69,False,False,False,False,False,False,False,False,False,False,False,False
2023-05-03 11:52:00,411.0938,411.13,411.05,411.09,66878,SPY,410.69,False,False,False,False,False,False,False,False,False,False,False,False
2023-05-03 11:53:00,411.09,411.11,411.03,411.07,62903,SPY,410.7015,False,False,False,False,False,False,False,False,False,False,False,False
2023-05-03 11:54:00,411.07,411.11,411.04,411.1,27792,SPY,410.78,False,False,False,False,False,False,False,False,False,False,False,False
2023-05-03 11:55:00,411.1,411.25,411.07,411.24,68841,SPY,410.93,False,False,False,False,False,False,False,False,False,False,False,False
2023-05-03 11:56:00,411.24,411.52,411.23,411.47,273256,SPY,410.94,False,False,False,False,False,False,False,False,False,False,False,False
2023-05-03 11:57:00,411.48,411.54,411.39,411.53,103476,SPY,410.94,False,False,False,False,False,False,False,False,False,False,False,False
2023-05-03 11:58:00,411.54,411.55,411.41,411.435,89909,SPY,410.94,False,False,False,False,False,False,False,False,False,False,False,False
2023-05-03 11:59:00,411.435,411.51,411.36,411.49,113124,SPY,410.94,False,False,False,False,False,False,False,False,False,False,False,False
2023-05-03 12:00:00,411.5,411.52,411.42,411.43,28315,SPY,410.98,False,False,False,False,False,False,False,False,False,False,False,False
2023-05-03 12:01:00,411.45,411.5,411.4,411.435,53208,SPY,411.03,False,False,False,False,False,False,False,False,False,False,False,False
2023-05-03 12:02:00,411.43,411.55,411.4,411.495,75457,SPY,411.03,False,False,False,False,False,False,False,False,False,False,False,False
2023-05-03 12:03:00,411.49,411.53,411.43,411.495,20518,SPY,411.04,False,False,False,False,False,False,False,False,False,False,False,False
2023-05-03 12:04:00,411.51,411.61,411.51,411.54,52965,SPY,411.07,False,False,False,False,False,False,False,False,False,False,False,False
2023-05-03 12:05:00,411.54,411.57,411.48,411.55,51662,SPY,411.23,False,False,False,False,False,False,False,False,False,False,False,False
2023-05-03 12:06:00,411.57,411.645,411.5499,411.59,49200,SPY,411.36,False,False,False,False,False,False,False,False,False,False,False,False
2023-05-03 12:07:00,411.6,411.67,411.6,411.61,56910,SPY,411.36,False,False,False,False,False,False,False,False,False,False,False,False
2023-05-03 12:08:00,411.63,411.71,411.565,411.655,113358,SPY,411.36,False,False,False,False,False,False,False,False,False,False,False,False
2023-05-03 12:09:00,411.64,411.72,411.5101,411.54,77559,SPY,411.4,False,False,False,False,False,False,False,False,False,False,False,False
2023-05-03 12:10:00,411.54,411.61,411.5,411.55,79318,SPY,411.4,False,False,False,False,False,False,False,False,False,False,False,False
2023-05-03 12:11:00,411.54,411.56,411.46,411.5,52882,SPY,411.4,False,False,False,False,False,False,False,False,False,False,False,False
2023-05-03 12:12:00,411.51,411.5377,411.39,411.44,77435,SPY,411.39,False,False,False,False,False,False,False,False,False,False,False,False
2023-05-03 12:13:00,411.44,411.44,411.35,411.3999,46501,SPY,411.35,False,False,False,False,False,False,False,False,False,False,False,False
2023-05-03 12:14:00,411.3921,411.52,411.39,411.4499,58787,SPY,411.35,False,False,False,False,False,False,False,False,False,False,False,False
2023-05-03 12:15:00,411.45,411.53,411.4,411.48,90828,SPY,411.35,False,False,False,False,False,False,False,False,False,False,False,False
2023-05-03 12:16:00,411.48,411.505,411.385,411.48,44084,SPY,411.35,False,False,False,False,False,False,False,False,False,False,False,False
2023-05-03 12:17:00,411.46,411.4874,411.3,411.355,82625,SPY,411.3,False,False,False,False,False,False,False,False,False,False,False,False
2023-05-03 12:18:00,411.36,411.365,411.24,411.26,70439,SPY,411.24,False,False,False,False,False,False,False,False,False,False,False,False
2023-05-03 12:19:00,411.25,411.27,411.17,411.19,69500,SPY,411.17,False,False,False,False,False,False,False,False,False,False,False,False
2023-05-03 12:20:00,411.182,411.1838,411.06,411.11,98283,SPY,411.06,False,False,False,False,False,False,False,False,False,False,False,False
2023-05-03 12:21:00,411.1162,411.27,411.11,411.22,78218,SPY,411.06,False,False,False,False,False,False,False,False,False,False,False,False
2023-05-03 12:22:00,411.21,411.31,411.18,411.26,144315,SPY,411.06,False,False,False,False,False,False,False,False,False,False,False,False
2023-05-03 12:23:00,411.29,411.44,411.29,411.4,44867,SPY,411.06,False,False,False,False,False,False,False,False,False,False,False,False
2023-05-03 12:24:00,411.392,411.54,411.392,411.5181,76177,SPY,411.06,False,False,False,False,False,False,False,False,False,False,False,False
2023-05-03 12:25:00,411.515,411.56,411.465,411.465,68910,SPY,411.06,False,False,False,False,False,False,False,False,False,False,False,False
2023-05-03 12:26:00,411.465,411.56,411.45,411.54,43392,SPY,411.06,False,False,False,False,False,False,False,False,False,False,False,False
2023-05-03 12:27:00,411.54,411.6174,411.49,411.5678,44673,SPY,411.06,False,False,False,False,False,False,False,False,False,False,False,False
2023-05-03 12:28:00,411.56,411.6899,411.53,411.66,88713,SPY,411.06,False,False,False,False,False,False,False,False,False,False,False,False
2023-05-03 12:29:00,411.6691,411.8,411.63,411.745,60100,SPY,411.06,False,False,False,False,False,False,False,False,False,False,False,False
2023-05-03 12:30:00,411.76,411.81,411.68,411.81,59293,SPY,411.11,False,False,False,False,False,False,False,False,False,False,False,False
2023-05-03 12:31:00,411.81,411.83,411.68,411.72,52433,SPY,411.18,False,False,False,False,False,False,False,False,False,False,False,False
2023-05-03 12:32:00,411.73,411.78,411.69,411.748,105128,SPY,411.29,False,False,False,False,False,False,False,False,False,False,False,False
2023-05-03 12:33:00,411.74,411.82,411.68,411.74,70973,SPY,411.392,False,False,False,False,False,False,False,False,False,False,False,False
2023-05-03 12:34:00,411.75,411.76,411.6,411.62,68578,SPY,411.45,False,False,False,False,False,False,False,False,False,False,False,False
2023-05-03 12:35:00,411.63,411.64,411.56,411.61,51439,SPY,411.45,False,False,False,False,False,False,False,False,False,False,False,False
2023-05-03 12:36:00,411.62,411.62,411.5123,411.5123,38164,SPY,411.49,False,False,False,False,False,False,False,False,False,False,False,False
2023-05-03 12:37:00,411.52,411.55,411.46,411.52,73555,SPY,411.46,False,False,False,False,False,False,False,False,False,False,False,False
2023-05-03 12:38:00,411.51,411.57,411.475,411.555,31580,SPY,411.46,False,False,False,False,False,False,False,False,False,False,False,False
2023-05-03 12:39:00,411.55,411.57,411.5,411.5524,19578,SPY,411.46,False,False,False,False,False,False,False,False,False,False,False,False
2023-05-03 12:40:00,411.56,411.61,411.53,411.57,47903,SPY,411.46,False,False,False,False,False,False,False,False,False,False,False,False
2023-05-03 12:41:00,411.57,411.65,411.57,411.58,44077,SPY,411.46,False,False,False,False,False,False,False,False,False,False,False,False
2023-05-03 12:42:00,411.59,411.69,411.58,411.68,62017,SPY,411.46,False,False,False,False,False,False,False,False,False,False,False,False
2023-05-03 12:43:00,411.68,411.78,411.655,411.7791,53385,SPY,411.46,False,False,False,False,False,False,False,False,False,False,False,False
2023-05-03 12:44:00,411.78,411.78,411.63,411.63,44293,SPY,411.46,False,False,False,False,False,False,False,False,False,False,False,False
2023-05-03 12:45:00,411.645,411.73,411.6229,411.715,48195,SPY,411.46,False,False,False,False,False,False,False,False,False,False,False,False
2023-05-03 12:46:00,411.71,411.71,411.601,411.615,46867,SPY,411.46,False,False,False,False,False,False,False,False,False,False,False,False
2023-05-03 12:47:00,411.61,411.74,411.61,411.725,50788,SPY,411.475,False,False,False,False,False,False,False,False,False,False,False,False
2023-05-03 12:48:00,411.73,411.7592,411.68,411.7,24072,SPY,411.5,False,False,False,False,False,False,False,False,False,False,False,False
2023-05-03 12:49:00,411.7,411.78,411.68,411.7401,42770,SPY,411.53,False,False,False,False,False,False,False,False,False,False,False,False
2023-05-03 12:50:00,411.75,411.827,411.74,411.8101,32004,SPY,411.57,False,False,False,False,False,False,False,False,False,False,False,False
2023-05-03 12:51:00,411.82,411.97,411.82,411.94,60667,SPY,411.58,False,False,False,False,False,False,False,False,False,False,False,False
2023-05-03 12:52:00,411.9409,412.02,411.93,411.9695,64652,SPY,411.601,False,False,False,False,False,False,False,False,False,False,False,False
2023-05-03 12:53:00,411.975,412.06,411.94,411.9879,64776,SPY,411.601,False,False,False,False,False,False,False,False,False,False,False,False
2023-05-03 12:54:00,411.99,412.01,411.89,411.9,45076,SPY,411.601,False,False,False,False,False,False,False,False,False,False,False,False
2023-05-03 12:55:00,411.895,411.99,411.85,411.93,75806,SPY,411.601,False,False,False,False,False,False,False,False,False,False,False,False
2023-05-03 12:56:00,411.95,411.98,411.91,411.98,32171,SPY,411.61,False,False,False,False,False,False,False,False,False,False,False,False
2023-05-03 12:57:00,411.97,411.99,411.93,411.94,51980,SPY,411.68,False,False,False,False,False,False,False,False,False,False,False,False
2023-05-03 12:58:00,411.945,412.15,411.9401,412.15,69535,SPY,411.68,False,False,False,False,False,False,False,False,False,False,False,False
2023-05-03 12:59:00,412.15,412.15,412.065,412.15,53510,SPY,411.74,False,False,False,False,False,False,False,False,False,False,False,False
2023-05-03 13:00:00,412.16,412.18,412.09,412.1502,72725,SPY,411.82,False,False,False,False,False,False,False,False,False,False,False,False
2023-05-03 13:01:00,412.16,412.18,412.08,412.11,43436,SPY,411.85,False,False,False,False,False,False,False,False,False,False,False,False
2023-05-03 13:02:00,412.11,412.26,412.0825,412.17,115447,SPY,411.85,False,False,False,False,False,False,False,False,False,False,False,False
2023-05-03 13:03:00,412.19,412.2401,412.13,412.1407,54545,SPY,411.85,False,False,False,False,False,False,False,False,False,False,False,False
2023-05-03 13:04:00,412.14,412.235,412.1,412.17,54906,SPY,411.85,False,False,False,False,False,False,False,False,False,False,False,False
2023-05-03 13:05:00,412.18,412.19,412.08,412.12,66617,SPY,411.91,False,False,False,False,False,False,False,False,False,False,False,False
2023-05-03 13:06:00,412.12,412.155,412.06,412.06,118182,SPY,411.93,False,False,False,False,False,False,False,False,False,False,False,False
2023-05-03 13:07:00,412.06,412.11,411.97,412.07,98683,SPY,411.9401,False,False,False,False,False,False,False,False,False,False,False,False
2023-05-03 13:08:00,412.05,412.09,411.99,412.01,71054,SPY,411.97,False,False,False,False,False,False,False,False,False,False,False,False
2023-05-03 13:09:00,412.02,412.03,411.95,411.995,56226,SPY,411.95,False,False,False,False,False,False,False,False,False,False,False,False
2023-05-03 13:10:00,411.995,412.14,411.99,412.1,87288,SPY,411.95,False,False,False,False,False,False,False,False,False,False,False,False
2023-05-03 13:11:00,412.1,412.135,412.02,412.06,43554,SPY,411.95,False,False,False,False,False,False,False,False,False,False,False,False
2023-05-03 13:12:00,412.06,412.21,412.04,412.19,80102,SPY,411.95,False,False,False,False,False,False,False,False,False,False,False,False
2023-05-03 13:13:00,412.18,412.21,411.98,412.03,63456,SPY,411.95,False,False,False,False,False,False,False,False,False,False,False,False
2023-05-03 13:14:00,412.03,412.09,412.0199,412.07,33886,SPY,411.95,False,False,False,False,False,False,False,False,False,False,False,False
2023-05-03 13:15:00,412.07,412.17,412.05,412.14,83402,SPY,411.95,False,False,False,False,False,False,False,False,False,False,False,False
2023-05-03 13:16:00,412.14,412.14,412.01,412.06,49171,SPY,411.95,False,False,False,False,False,False,False,False,False,False,False,False
2023-05-03 13:17:00,412.055,412.1175,412.04,412.11,28756,SPY,411.95,False,False,False,False,False,False,False,False,False,False,False,False
2023-05-03 13:18:00,412.1016,412.2101,412.07,412.2101,47060,SPY,411.95,False,False,False,False,False,False,False,False,False,False,False,False
2023-05-03 13:19:00,412.215,412.2579,412.15,412.16,55530,SPY,411.98,False,False,False,False,False,False,False,False,False,False,False,False
2023-05-03 13:20:00,412.16,412.25,412.16,412.2399,29707,SPY,411.98,False,False,False,False,False,False,False,False,False,False,False,False
2023-05-03 13:21:00,412.2301,412.232,412.07,412.07,46514,SPY,411.98,False,False,False,False,False,False,False,False,False,False,False,False
2023-05-03 13:22:00,412.08,412.16,412.04,412.13,51496,SPY,411.98,False,False,False,False,False,False,False,False,False,False,False,False
2023-05-03 13:23:00,412.14,412.25,412.1284,412.2,66170,SPY,412.01,False,False,False,False,False,False,False,False,False,False,False,False
2023-05-03 13:24:00,412.21,412.28,412.2,412.2599,89219,SPY,412.01,False,False,False,False,False,False,False,False,False,False,False,False
2023-05-03 13:25:00,412.26,412.31,412.25,412.28,44824,SPY,412.01,False,False,False,False,False,False,False,False,False,False,False,False
2023-05-03 13:26:00,412.28,412.34,412.26,412.33,57669,SPY,412.04,False,False,False,False,False,False,False,False,False,False,False,False
2023-05-03 13:27:00,412.32,412.325,412.21,412.3,44987,SPY,412.04,False,False,False,False,False,False,False,False,False,False,False,False
2023-05-03 13:28:00,412.3044,412.515,412.3,412.4799,146544,SPY,412.04,False,False,False,False,False,False,False,False,False,False,False,False
2023-05-03 13:29:00,412.48,412.5,412.41,412.43,97793,SPY,412.04,False,False,False,False,False,False,False,False,False,False,False,False
2023-05-03 13:30:00,412.44,412.58,412.395,412.515,130568,SPY,412.04,False,False,False,False,False,False,False,False,False,False,False,False
2023-05-03 13:31:00,412.52,412.52,412.4628,412.495,92649,SPY,412.04,False,False,False,False,False,False,False,False,False,False,False,False
2023-05-03 13:32:00,412.49,412.49,412.39,412.42,110354,SPY,412.1284,False,False,False,False,False,False,False,False,False,False,False,False
2023-05-03 13:33:00,412.428,412.46,412.33,412.34,69035,SPY,412.2,False,False,False,False,False,False,False,False,False,False,False,False
2023-05-03 13:34:00,412.3482,412.36,412.29,412.31,67540,SPY,412.21,False,False,False,False,False,False,False,False,False,False,False,False
2023-05-03 13:35:00,412.3,412.33,412.24,412.27,74941,SPY,412.21,False,False,False,False,False,False,False,False,False,False,False,False
2023-05-03 13:36:00,412.28,412.31,412.2,412.28,112014,SPY,412.2,False,False,False,False,False,False,False,False,False,False,False,False
2023-05-03 13:37:00,412.285,412.3047,412.22,412.22,29302,SPY,412.2,False,False,False,False,False,False,False,False,False,False,False,False
2023-05-03 13:38:00,412.225,412.23,412.09,412.14,128720,SPY,412.09,False,False,False,False,False,False,False,False,False,False,False,False
2023-05-03 13:39:00,412.14,412.19,412.13,412.19,72925,SPY,412.09,False,False,False,False,False,False,False,False,False,False,False,False
2023-05-03 13:40:00,412.19,412.2025,412.13,412.14,73579,SPY,412.09,False,False,False,False,False,False,False,False,False,False,False,False
2023-05-03 13:41:00,412.14,412.29,412.1362,412.24,80469,SPY,412.09,False,False,False,False,False,False,False,False,False,False,False,False
2023-05-03 13:42:00,412.245,412.38,412.24,412.33,81069,SPY,412.09,False,False,False,False,False,False,False,False,False,False,False,False
2023-05-03 13:43:00,412.34,412.37,412.28,412.315,85687,SPY,412.09,False,False,False,False,False,False,False,False,False,False,False,False
2023-05-03 13:44:00,412.31,412.33,412.255,412.28,61066,SPY,412.09,False,False,False,False,False,False,False,False,False,False,False,False
2023-05-03 13:45:00,412.285,412.33,412.17,412.19,100180,SPY,412.09,False,False,False,False,False,False,False,False,False,False,False,False
2023-05-03 13:46:00,412.18,412.185,412.065,412.105,69426,SPY,412.065,False,False,False,False,False,False,False,False,False,False,False,False
2023-05-03 13:47:00,412.1,412.125,411.975,411.99,87708,SPY,411.975,False,False,False,False,False,False,False,False,False,False,False,False
2023-05-03 13:48:00,411.988,411.9886,411.91,411.94,91032,SPY,411.91,False,False,False,False,False,False,False,False,False,False,False,False
2023-05-03 13:49:00,411.94,412.09,411.94,412.09,88017,SPY,411.91,False,False,False,False,False,False,False,False,False,False,False,False
2023-05-03 13:50:00,412.0838,412.18,412.08,412.14,76567,SPY,411.91,False,False,False,False,False,False,False,False,False,False,False,False
2023-05-03 13:51:00,412.13,412.135,412.02,412.02,75525,SPY,411.91,False,False,False,False,False,False,False,False,False,False,False,False
2023-05-03 13:52:00,412.015,412.03,411.985,412.02,56179,SPY,411.91,False,False,False,False,False,False,False,False,False,False,False,False
2023-05-03 13:53:00,412.02,412.02,411.95,411.99,91847,SPY,411.91,False,False,False,False,False,False,False,False,False,False,False,False
2023-05-03 13:54:00,411.98,412.04,411.95,412.0398,55123,SPY,411.91,False,False,False,False,False,False,False,False,False,False,False,False
2023-05-03 13:55:00,412.04,412.06,411.98,412.06,87780,SPY,411.91,False,False,False,False,False,False,False,False,False,False,False,False
2023-05-03 13:56:00,412.05,412.19,412.03,412.1783,89240,SPY,411.91,False,False,False,False,False,False,False,False,False,False,False,False
2023-05-03 13:57:00,412.17,412.31,412.14,412.29,156218,SPY,411.91,False,False,False,False,False,False,False,False,False,False,False,False
2023-05-03 13:58:00,412.295,412.31,412.1401,412.1599,101533,SPY,411.94,False,False,False,False,False,False,False,False,False,False,False,False
2023-05-03 13:59:00,412.15,412.25,412.04,412.12,210998,SPY,411.95,False,False,False,False,False,False,False,False,False,False,False,False
2023-05-03 14:00:00,412.1137,413.52,411.4,412.6926,1137024,SPY,411.4,False,False,False,False,False,False,False,False,False,False,False,False
2023-05-03 14:01:00,412.72,412.9294,411.85,412.42,499205,SPY,411.4,False,False,False,False,False,False,False,False,False,False,False,False
2023-05-03 14:02:00,412.4,412.7,411.84,412.35,582702,SPY,411.4,False,False,False,False,False,False,False,False,False,False,False,False
2023-05-03 14:03:00,412.32,412.32,411.33,411.75,735316,SPY,411.33,False,False,False,False,False,False,False,False,False,False,False,False
2023-05-03 14:04:00,411.75,412.21,411.57,412.015,334846,SPY,411.33,False,False,False,False,False,False,False,False,False,False,False,False
2023-05-03 14:05:00,412.02,412.15,411.1201,411.6,427688,SPY,411.1201,False,False,False,False,False,False,False,False,False,False,False,False
2023-05-03 14:06:00,411.595,412.17,411.5,411.92,229823,SPY,411.1201,False,False,False,False,False,False,False,False,False,False,False,False
2023-05-03 14:07:00,411.91,412.5,411.81,412.47,241259,SPY,411.1201,False,False,False,False,False,False,False,False,False,False,False,False
2023-05-03 14:08:00,412.465,412.54,412.03,412.03,194833,SPY,411.1201,False,False,False,False,False,False,False,False,False,False,False,False
2023-05-03 14:09:00,412.0312,412.0312,411.54,411.83,303911,SPY,411.1201,False,False,False,False,False,False,False,False,False,False,False,False
2023-05-03 14:10:00,411.82,411.915,411.5407,411.5407,250192,SPY,411.1201,False,False,False,False,False,False,False,False,False,False,False,False
2023-05-03 14:11:00,411.55,411.56,411.12,411.4399,312871,SPY,411.12,False,False,False,False,False,False,False,False,False,False,False,False
2023-05-03 14:12:00,411.43,411.764,411.38,411.575,192089,SPY,411.12,False,False,False,False,False,False,False,False,False,False,False,False
2023-05-03 14:13:00,411.57,411.85,411.55,411.82,129416,SPY,411.12,False,False,False,False,False,False,False,False,False,False,False,False
2023-05-03 14:14:00,411.8,412.1,411.625,412.09,160880,SPY,411.12,False,False,False,False,False,False,False,False,False,False,False,False
2023-05-03 14:15:00,412.09,412.37,412.07,412.34,205960,SPY,411.12,False,False,False,False,False,False,False,False,False,False,False,False
2023-05-03 14:16:00,412.335,412.4,412.07,412.22,122779,SPY,411.12,False,False,False,False,False,False,False,False,False,False,False,False
2023-05-03 14:17:00,412.18,412.25,412.0,412.2417,56940,SPY,411.12,False,False,False,False,False,False,False,False,False,False,False,False
2023-05-03 14:18:00,412.22,412.64,412.1,412.615,135924,SPY,411.12,False,False,False,False,False,False,False,False,False,False,False,False
2023-05-03 14:19:00,412.61,412.76,412.43,412.5,241475,SPY,411.12,False,False,False,False,False,False,False,False,False,False,False,False
2023-05-03 14:20:00,412.51,412.6,412.325,412.43,109451,SPY,411.12,False,False,False,False,False,False,False,False,False,False,False,False
2023-05-03 14:21:00,412.42,412.52,412.32,412.44,76475,SPY,411.38,False,False,False,False,False,False,False,False,False,False,False,False
2023-05-03 14:22:00,412.4311,412.7215,412.41,412.72,108571,SPY,411.55,False,False,False,False,False,False,False,False,False,False,False,False
2023-05-03 14:23:00,412.73,413.2195,412.72,413.05,219151,SPY,411.625,False,False,False,False,False,False,False,False,False,False,False,False
2023-05-03 14:24:00,413.065,413.08,412.8,412.835,238800,SPY,412.0,False,False,False,False,False,False,False,False,False,False,False,False
2023-05-03 14:25:00,412.84,412.91,412.65,412.89,93523,SPY,412.0,False,False,False,False,False,False,False,False,False,False,False,False
2023-05-03 14:26:00,412.885,413.28,412.88,413.16,175170,SPY,412.0,False,False,False,False,False,False,False,False,False,False,False,False
2023-05-03 14:27:00,413.175,413.345,412.92,413.02,181043,SPY,412.1,False,False,False,False,False,False,False,False,False,False,False,False
2023-05-03 14:28:00,413.03,413.03,412.57,412.65,172897,SPY,412.32,False,False,False,False,False,False,False,False,False,False,False,False
2023-05-03 14:29:00,412.65,412.6999,412.52,412.57,82255,SPY,412.32,False,False,False,False,False,False,False,False,False,False,False,False
2023-05-03 14:30:00,412.57,412.69,412.42,412.64,157635,SPY,412.32,False,False,False,False,False,False,False,False,False,False,False,False
2023-05-03 14:31:00,412.62,412.69,411.985,412.24,307054,SPY,411.985,False,False,False,False,False,False,False,False,False,False,False,False
2023-05-03 14:32:00,412.23,412.23,411.83,412.15,341796,SPY,411.83,False,False,False,False,False,False,False,False,False,False,False,False
2023-05-03 14:33:00,412.16,412.69,412.16,412.36,403143,SPY,411.83,False,False,False,False,False,False,False,False,False,False,False,False
2023-05-03 14:34:00,412.36,412.53,411.65,411.78,396929,SPY,411.65,False,False,False,False,False,False,False,False,False,False,False,False
2023-05-03 14:35:00,411.79,411.83,410.82,411.42,905009,SPY,410.82,False,False,False,False,False,False,False,False,False,False,False,False
2023-05-03 14:36:00,411.4,411.42,410.87,410.91,454577,SPY,410.82,False,False,False,False,False,False,False,False,False,False,False,False
2023-05-03 14:37:00,410.9,411.75,410.3,411.505,849934,SPY,410.3,True,False,True,False,False,False,False,False,False,False,False,False
2023-05-03 14:38:00,411.55,412.71,411.37,412.27,1046144,SPY,410.3,False,False,False,False,False,False,False,False,False,False,False,False
2023-05-03 14:39:00,412.3,412.72,412.18,412.64,665670,SPY,410.3,False,False,False,False,False,False,False,False,False,False,False,False
2023-05-03 14:40:00,412.65,413.87,412.47,413.51,820808,SPY,410.3,False,False,False,False,False,False,False,False,False,False,False,False
2023-05-03 14:41:00,413.52,413.63,412.89,413.2,391664,SPY,410.3,False,False,False,False,False,False,False,False,False,False,False,False
2023-05-03 14:42:00,413.18,413.4,412.06,412.21,391813,SPY,410.3,False,False,False,False,False,False,False,False,False,False,False,False
2023-05-03 14:43:00,412.21,412.3,411.7,411.97,381191,SPY,410.3,False,False,False,False,False,False,False,False,False,False,False,False
2023-05-03 14:44:00,411.99,412.17,411.52,412.0901,289878,SPY,410.3,False,False,False,False,False,False,False,False,False,False,False,False
2023-05-03 14:45:00,412.095,412.819,412.08,412.45,384550,SPY,410.3,False,False,False,False,False,False,False,False,False,False,False,False
2023-05-03 14:46:00,412.46,412.71,412.13,412.39,246021,SPY,410.3,False,False,False,False,False,False,False,False,False,False,False,False
2023-05-03 14:47:00,412.37,412.38,411.79,412.0996,179892,SPY,411.37,False,False,False,False,False,False,True,False,True,False,False,False
2023-05-03 14:48:00,412.09,412.5,412.09,412.33,166420,SPY,411.52,False,False,False,False,False,False,False,False,False,False,False,False
2023-05-03 14:49:00,412.3,412.33,411.8,411.94,174935,SPY,411.52,False,False,False,False,False,False,False,False,False,False,False,False
2023-05-03 14:50:00,411.87,412.03,411.37,411.72,256849,SPY,411.37,False,False,False,False,False,False,False,False,False,False,False,False
2023-05-03 14:51:00,411.7026,412.09,411.08,411.21,318674,SPY,411.08,False,False,False,False,False,False,False,False,False,False,False,False
2023-05-03 14:52:00,411.19,411.33,410.43,411.22,506328,SPY,410.43,False,False,False,False,False,False,False,False,False,False,False,False
2023-05-03 14:53:00,411.25,412.19,411.25,411.89,437915,SPY,410.43,False,False,False,False,False,False,False,False,False,False,False,False
2023-05-03 14:54:00,411.92,412.13,411.52,411.79,129519,SPY,410.43,False,False,False,False,False,False,False,False,False,False,False,False
2023-05-03 14:55:00,411.76,411.99,411.43,411.685,152188,SPY,410.43,False,False,False,False,False,False,False,False,False,False,False,False
2023-05-03 14:56:00,411.71,412.92,411.71,412.52,493292,SPY,410.43,False,False,False,False,False,False,False,False,False,False,False,False
2023-05-03 14:57:00,412.52,412.62,411.31,411.6,373981,SPY,410.43,False,False,False,False,False,False,False,False,False,False,False,False
2023-05-03 14:58:00,411.59,412.34,411.51,412.07,165580,SPY,410.43,False,False,False,False,False,False,False,False,False,False,False,False
2023-05-03 14:59:00,412.1101,412.37,411.96,412.1825,98483,SPY,410.43,False,False,False,False,False,False,False,False,False,False,False,False
2023-05-03 15:00:00,412.2024,412.53,411.97,412.4175,218609,SPY,410.43,False,False,False,False,False,False,False,False,False,False,False,False
2023-05-03 15:01:00,412.41,412.61,411.91,412.12,230726,SPY,410.43,False,False,False,False,False,False,False,False,False,False,False,False
2023-05-03 15:02:00,412.11,412.25,411.445,411.6962,286587,SPY,411.25,False,False,False,False,False,False,False,False,False,False,False,False
2023-05-03 15:03:00,411.66,411.8,411.12,411.55,218456,SPY,411.12,False,False,False,False,False,False,False,False,False,False,False,False
2023-05-03 15:04:00,411.55,412.08,411.54,412.01,193614,SPY,411.12,True,False,False,False,False,False,False,False,False,False,False,False
2023-05-03 15:05:00,411.99,413.07,411.85,412.87,401858,SPY,411.12,False,False,False,False,False,False,False,False,False,False,False,False
2023-05-03 15:06:00,412.9,412.96,411.7186,411.99,802456,SPY,411.12,False,False,False,False,False,False,False,False,False,False,False,False
2023-05-03 15:07:00,412.0,412.0,410.74,411.16,554032,SPY,410.74,False,False,False,False,False,False,False,False,False,False,False,False
2023-05-03 15:08:00,411.17,411.28,410.77,411.01,352083,SPY,410.74,False,False,False,False,False,False,False,False,False,False,False,False
2023-05-03 15:09:00,411.03,411.06,410.36,410.85,422048,SPY,410.36,False,False,False,False,False,False,False,False,False,False,False,False
2023-05-03 15:10:00,410.84,410.85,409.9,409.97,614889,SPY,409.9,False,False,False,False,False,False,False,False,False,False,False,False
2023-05-03 15:11:00,409.96,410.46,409.63,410.33,480192,SPY,409.63,False,False,False,False,False,False,False,False,False,False,False,False
2023-05-03 15:12:00,410.33,410.53,409.81,409.81,322166,SPY,409.63,False,False,False,False,False,False,False,False,False,False,False,False
2023-05-03 15:13:00,409.8,410.38,409.58,410.09,360768,SPY,409.58,False,False,False,False,False,False,False,False,False,False,False,False
2023-05-03 15:14:00,410.09,410.3199,409.74,409.85,299863,SPY,409.58,False,False,False,False,False,False,True,False,False,False,False,False
2023-05-03 15:15:00,409.84,409.9,409.3,409.43,448785,SPY,409.3,False,False,False,False,False,False,False,False,False,False,False,False
2023-05-03 15:16:00,409.42,410.0,409.35,409.89,318825,SPY,409.3,True,False,True,False,True,False,False,False,False,False,False,False
2023-05-03 15:17:00,409.9,410.68,409.83,410.44,500711,SPY,409.3,False,False,False,False,False,False,False,False,False,False,False,False
2023-05-03 15:18:00,410.44,410.57,410.1,410.32,211084,SPY,409.3,False,False,False,False,False,False,False,False,False,False,False,False
2023-05-03 15:19:00,410.2624,410.39,409.91,409.98,332213,SPY,409.3,False,False,False,False,False,False,False,False,False,False,False,False
2023-05-03 15:20:00,409.99,409.99,409.32,409.57,474706,SPY,409.3,False,False,False,False,False,False,False,False,False,False,False,False
2023-05-03 15:21:00,409.56,409.62,408.92,408.96,513738,SPY,408.92,False,False,False,False,False,False,False,False,False,False,False,False
2023-05-03 15:22:00,408.95,409.45,408.745,409.42,458298,SPY,408.745,False,False,False,False,False,False,False,False,False,False,False,False
2023-05-03 15:23:00,409.45,410.39,409.45,410.23,484970,SPY,408.745,False,False,False,False,False,False,False,False,False,False,False,False
2023-05-03 15:24:00,410.24,410.32,409.89,409.96,461590,SPY,408.745,False,False,False,False,False,False,False,False,False,False,False,False
2023-05-03 15:25:00,409.94,410.64,409.92,410.31,264589,SPY,408.745,False,False,False,False,False,False,False,False,False,False,False,False
2023-05-03 15:26:00,410.31,410.32,410.08,410.27,161790,SPY,408.745,False,False,False,False,False,False,True,False,True,False,True,False
2023-05-03 15:27:00,410.25,410.3,410.07,410.22,195090,SPY,408.745,False,False,False,False,False,False,False,False,False,False,False,False
2023-05-03 15:28:00,410.21,410.38,409.345,409.44,397682,SPY,408.745,False,False,False,False,False,False,False,False,False,False,False,False
2023-05-03 15:29:00,409.43,409.43,408.75,408.825,293570,SPY,408.745,False,False,False,False,False,False,False,False,False,False,False,False
2023-05-03 15:30:00,408.82,408.96,408.63,408.82,367696,SPY,408.63,False,False,False,False,False,False,False,False,False,False,False,False
2023-05-03 15:31:00,408.82,409.04,408.58,408.63,252561,SPY,408.58,False,False,False,False,False,False,False,False,False,False,False,False
2023-05-03 15:32:00,408.62,408.72,408.27,408.3576,540357,SPY,408.27,False,False,False,False,False,False,False,False,False,False,False,False
2023-05-03 15:33:00,408.35,408.54,408.24,408.26,272527,SPY,408.24,False,False,False,False,False,False,False,False,False,False,False,False
2023-05-03 15:34:00,408.26,408.8,408.08,408.768,477669,SPY,408.08,False,False,False,False,False,False,False,False,False,False,False,False
2023-05-03 15:35:00,408.765,408.93,408.51,408.6799,337978,SPY,408.08,False,False,False,False,False,False,False,False,False,False,False,False
2023-05-03 15:36:00,408.68,408.9299,408.54,408.85,343215,SPY,408.08,False,False,False,False,False,False,False,False,False,False,False,False
2023-05-03 15:37:00,408.86,409.01,408.58,408.64,200547,SPY,408.08,False,False,False,False,False,False,False,False,False,False,False,False
2023-05-03 15:38:00,408.64,408.91,408.5601,408.85,203886,SPY,408.08,False,False,False,False,False,False,False,False,False,False,False,False
2023-05-03 15:39:00,408.85,408.87,408.47,408.5,275449,SPY,408.08,False,False,False,False,False,False,False,False,False,False,False,False
2023-05-03 15:40:00,408.49,408.49,408.035,408.04,462599,SPY,408.035,False,False,False,False,False,False,False,False,False,False,False,False
2023-05-03 15:41:00,408.045,408.41,408.0,408.3,493823,SPY,408.0,False,False,False,False,False,False,False,False,False,False,False,False
2023-05-03 15:42:00,408.26,408.34,408.01,408.29,309504,SPY,408.0,False,False,False,False,False,False,False,False,False,False,False,False
2023-05-03 15:43:00,408.31,408.63,408.28,408.47,371680,SPY,408.0,False,False,False,False,False,False,False,False,False,False,False,False
2023-05-03 15:44:00,408.47,408.73,408.3201,408.38,196611,SPY,408.0,False,False,False,False,False,False,False,False,False,False,False,False
2023-05-03 15:45:00,408.37,408.82,408.29,408.4499,361973,SPY,408.0,False,False,False,False,False,False,False,False,False,False,False,False
2023-05-03 15:46:00,408.45,408.47,407.995,408.18,401728,SPY,407.995,False,False,False,False,False,False,False,False,False,False,False,False
2023-05-03 15:47:00,408.17,408.52,407.94,408.445,372225,SPY,407.94,False,False,False,False,False,False,False,False,False,False,False,False
2023-05-03 15:48:00,408.45,408.6099,408.17,408.23,297880,SPY,407.94,False,False,False,False,False,False,False,False,False,False,False,False
2023-05-03 15:49:00,408.22,408.28,408.01,408.12,399643,SPY,407.94,False,False,False,False,False,False,False,False,False,False,False,False
2023-05-03 15:50:00,408.13,408.44,407.96,408.375,731332,SPY,407.94,False,False,False,False,False,False,False,False,False,False,False,False
2023-05-03 15:51:00,408.37,408.42,408.105,408.41,367319,SPY,407.94,False,False,False,False,False,False,False,False,False,False,False,False
2023-05-03 15:52:00,408.415,408.53,407.98,408.06,392565,SPY,407.94,False,False,False,False,False,False,False,False,False,False,False,False
2023-05-03 15:53:00,408.0513,408.265,407.99,408.1105,333213,SPY,407.94,False,False,False,False,False,False,False,False,False,False,False,False
2023-05-03 15:54:00,408.12,408.3,407.96,408.2389,524438,SPY,407.94,False,False,False,False,False,False,False,False,False,False,False,False
2023-05-03 15:55:00,408.23,408.345,407.77,408.34,792726,SPY,407.77,False,False,False,False,False,False,False,False,False,False,False,False
2023-05-03 15:56:00,408.34,408.415,408.03,408.16,590988,SPY,407.77,False,False,False,False,False,False,False,False,False,False,False,False
2023-05-03 15:57:00,408.17,408.2,407.87,407.89,442119,SPY,407.77,False,False,False,False,False,False,False,False,False,False,False,False
2023-05-03 15:58:00,407.895,408.06,407.88,408.06,663921,SPY,407.77,False,False,False,False,False,False,False,False,False,False,False,False
2023-05-03 15:59:00,408.06,408.18,407.84,407.99,1465529,SPY,407.77,False,False,False,False,False,False,False,False,False,False,False,False
2023-05-04 09:30:00,406.93,407.09,406.855,406.95,603505,SPY,406.855,False,False,False,False,False,False,False,False,False,False,False,False
2023-05-04 09:31:00,406.945,407.0799,406.72,407.02,315413,SPY,406.72,False,False,False,False,False,False,False,False,False,False,False,False
2023-05-04 09:32:00,407.02,407.05,406.815,406.83,260405,SPY,406.72,False,False,False,False,False,False,False,False,False,False,False,False
2023-05-04 09:33:00,406.845,407.1501,406.84,406.9,233374,SPY,406.72,False,False,False,False,False,False,False,False,False,False,False,False
2023-05-04 09:34:00,406.9,407.18,406.81,407.12,198763,SPY,406.72,False,False,False,False,False,False,False,False,False,False,False,False
2023-05-04 09:35:00,407.11,407.27,406.97,407.09,283684,SPY,406.72,False,False,False,False,False,False,False,False,False,False,False,False
2023-05-04 09:36:00,407.05,407.15,406.8301,406.93,169171,SPY,406.72,False,False,False,False,False,False,False,False,False,False,False,False
2023-05-04 09:37:00,406.93,407.0,406.805,406.82,191132,SPY,406.72,False,False,False,False,False,False,False,False,False,False,False,False
2023-05-04 09:38:00,406.83,406.835,406.59,406.605,304030,SPY,406.59,False,False,False,False,False,False,False,False,False,False,False,False
2023-05-04 09:39:00,406.6,406.78,406.31,406.395,204637,SPY,406.31,False,False,False,False,False,False,False,False,False,False,False,False
2023-05-04 09:40:00,406.36,406.43,405.79,405.795,288598,SPY,405.79,False,False,False,False,False,False,False,False,False,False,False,False
2023-05-04 09:41:00,405.79,406.055,405.74,405.78,215768,SPY,405.74,False,False,False,False,False,False,False,False,False,False,False,False
2023-05-04 09:42:00,405.79,405.9191,405.6501,405.67,213544,SPY,405.6501,False,False,False,False,False,False,False,False,False,False,False,False
2023-05-04 09:43:00,405.66,405.8,405.53,405.53,217274,SPY,405.53,False,False,False,False,False,False,False,False,False,False,False,False
2023-05-04 09:44:00,405.55,405.56,405.1,405.19,326391,SPY,405.1,False,False,False,False,False,False,False,False,False,False,False,False
2023-05-04 09:45:00,405.195,405.36,405.05,405.07,258737,SPY,405.05,False,False,False,False,False,False,False,False,False,False,False,False
2023-05-04 09:46:00,405.065,405.12,404.92,405.005,344110,SPY,404.92,False,False,False,False,False,False,False,False,False,False,False,False
2023-05-04 09:47:00,405.02,405.09,404.92,405.0681,374143,SPY,404.92,False,False,False,False,False,False,False,False,False,False,False,False
2023-05-04 09:48:00,405.065,405.1,404.89,404.97,304319,SPY,404.89,False,False,False,False,False,False,False,False,False,False,False,False
2023-05-04 09:49:00,404.965,405.295,404.91,405.25,352617,SPY,404.89,False,False,False,False,False,False,False,False,False,False,False,False
2023-05-04 09:50:00,405.26,405.63,405.22,405.4499,405565,SPY,404.89,False,False,False,False,False,False,False,False,False,False,False,False
2023-05-04 09:51:00,405.43,405.55,405.1817,405.1817,320128,SPY,404.89,False,False,False,False,False,False,False,False,False,False,False,False
2023-05-04 09:52:00,405.185,405.3,405.03,405.2301,197962,SPY,404.89,False,False,False,False,False,False,False,False,False,False,False,False
2023-05-04 09:53:00,405.23,405.65,405.23,405.64,317339,SPY,404.89,False,False,False,False,False,False,False,False,False,False,False,False
2023-05-04 09:54:00,405.64,406.06,405.55,405.88,297420,SPY,404.89,False,False,False,False,False,False,False,False,False,False,False,False
2023-05-04 09:55:00,405.88,406.2,405.82,406.19,355158,SPY,404.89,False,False,False,False,False,False,False,False,False,False,False,False
2023-05-04 09:56:00,406.185,406.19,405.86,405.915,340272,SPY,404.89,False,False,False,False,False,False,False,False,False,False,False,False
2023-05-04 09:57:00,405.915,406.09,405.8005,406.0199,188036,SPY,404.89,False,False,False,False,False,False,False,False,False,False,False,False
2023-05-04 09:58:00,406.02,406.07,405.73,405.78,168010,SPY,404.91,False,False,False,False,False,False,False,False,False,False,False,False
2023-05-04 09:59:00,405.785,405.93,405.58,405.6,203906,SPY,405.03,False,False,False,False,False,False,False,False,False,False,False,False
2023-05-04 10:00:00,405.61,405.6844,405.445,405.62,172116,SPY,405.03,False,False,False,False,False,False,False,False,False,False,False,False
2023-05-04 10:01:00,405.62,405.69,405.44,405.59,152549,SPY,405.03,False,False,False,False,False,False,False,False,False,False,False,False
2023-05-04 10:02:00,405.6,405.9,405.58,405.8,220296,SPY,405.23,False,False,False,False,False,False,False,False,False,False,False,False
2023-05-04 10:03:00,405.81,405.89,405.66,405.68,194134,SPY,405.44,False,False,False,False,False,False,False,False,False,False,False,False
2023-05-04 10:04:00,405.685,405.745,405.44,405.71,288268,SPY,405.44,False,False,False,False,False,False,False,False,False,False,False,False
2023-05-04 10:05:00,405.7,405.85,405.6701,405.76,152425,SPY,405.44,False,False,False,False,False,False,False,False,False,False,False,False
2023-05-04 10:06:00,405.77,405.97,405.65,405.8,226536,SPY,405.44,False,False,False,False,False,False,False,False,False,False,False,False
2023-05-04 10:07:00,405.799,405.82,405.5,405.7,118161,SPY,405.44,False,False,False,False,False,False,False,False,False,False,False,False
2023-05-04 10:08:00,405.705,405.715,405.45,405.605,270718,SPY,405.44,False,False,False,False,False,False,False,False,False,False,False,False
2023-05-04 10:09:00,405.6,405.74,405.45,405.53,160864,SPY,405.44,False,False,False,False,False,False,False,False,False,False,False,False
2023-05-04 10:10:00,405.525,405.73,405.47,405.68,143086,SPY,405.44,False,False,False,False,False,False,False,False,False,False,False,False
2023-05-04 10:11:00,405.68,405.92,405.47,405.47,171388,SPY,405.44,False,False,False,False,False,False,False,False,False,False,False,False
2023-05-04 10:12:00,405.465,405.66,405.4,405.52,161118,SPY,405.4,False,False,False,False,False,False,False,False,False,False,False,False
2023-05-04 10:13:00,405.49,405.71,405.39,405.46,122268,SPY,405.39,False,False,False,False,False,False,False,False,False,False,False,False
2023-05-04 10:14:00,405.45,405.56,405.3015,405.51,126301,SPY,405.3015,False,False,False,False,False,False,False,False,False,False,False,False
2023-05-04 10:15:00,405.49,405.9,405.41,405.755,259019,SPY,405.3015,False,True,False,False,False,False,False,False,False,False,False,False
2023-05-04 10:16:00,405.74,405.78,404.89,404.9,539503,SPY,404.89,False,False,False,False,False,False,False,False,False,False,False,False
2023-05-04 10:17:00,404.9,404.9,404.31,404.47,551537,SPY,404.31,False,False,False,False,False,False,False,False,False,False,False,False
2023-05-04 10:18:00,404.47,405.47,404.45,405.0,530690,SPY,404.31,True,False,False,False,True,False,False,False,False,False,False,False
2023-05-04 10:19:00,404.97,405.4,404.8501,405.15,307711,SPY,404.31,False,False,False,False,False,False,False,False,False,False,False,False
2023-05-04 10:20:00,405.14,405.255,404.72,404.8,261687,SPY,404.31,False,False,False,False,False,False,False,False,False,False,False,False
2023-05-04 10:21:00,404.79,404.845,404.56,404.5999,163098,SPY,404.31,False,False,False,False,False,False,False,False,False,False,False,False
2023-05-04 10:22:00,404.59,404.728,404.44,404.5038,286216,SPY,404.31,False,False,False,False,False,False,False,False,False,False,False,False
2023-05-04 10:23:00,404.51,404.62,404.15,404.54,380468,SPY,404.15,False,False,False,False,False,False,False,False,False,False,False,False
2023-05-04 10:24:00,404.54,404.77,404.4375,404.71,337455,SPY,404.15,False,False,False,False,False,False,False,False,False,False,False,False
2023-05-04 10:25:00,404.71,404.81,404.56,404.58,218248,SPY,404.15,False,False,False,False,False,False,False,True,False,False,False,False
2023-05-04 10:26:00,404.57,404.57,404.07,404.1223,279596,SPY,404.07,False,False,False,False,False,False,False,False,False,False,False,False
2023-05-04 10:27:00,404.14,404.31,404.02,404.0601,238970,SPY,404.02,False,False,False,False,False,False,False,False,False,False,False,False
2023-05-04 10:28:00,404.07,404.235,404.05,404.07,277144,SPY,404.02,False,False,False,False,False,False,True,False,False,False,True,False
2023-05-04 10:29:00,404.0785,404.19,404.0,404.0199,249986,SPY,404.0,False,False,False,False,False,False,False,False,False,False,False,False
2023-05-04 10:30:00,404.03,404.115,403.86,404.07,374192,SPY,403.86,False,False,False,False,False,False,False,False,False,False,False,False
2023-05-04 10:31:00,404.05,404.275,403.98,404.04,333950,SPY,403.86,False,False,False,False,False,False,False,False,False,False,False,False
2023-05-04 10:32:00,404.05,404.14,403.955,404.01,438401,SPY,403.86,False,False,False,False,False,False,False,False,False,False,False,False
2023-05-04 10:33:00,404.015,404.17,403.945,404.08,146536,SPY,403.86,False,False,False,False,False,False,False,False,False,False,False,False
2023-05-04 10:34:00,404.08,404.4099,403.995,404.38,239937,SPY,403.86,False,False,False,False,False,False,False,False,False,False,False,False
2023-05-04 10:35:00,404.37,404.83,404.3449,404.78,347102,SPY,403.86,False,False,False,False,False,False,False,False,False,False,False,False
2023-05-04 10:36:00,404.78,404.85,404.5101,404.545,215223,SPY,403.86,False,False,False,False,False,False,False,False,False,False,False,False
2023-05-04 10:37:00,404.54,404.61,404.18,404.24,210508,SPY,403.86,False,False,False,False,False,False,False,False,False,False,False,False
2023-05-04 10:38:00,404.245,404.245,404.055,404.1299,147124,SPY,403.86,False,False,False,False,False,False,False,False,False,False,False,False
2023-05-04 10:39:00,404.11,404.31,404.05,404.1,129358,SPY,403.86,False,False,False,False,False,False,False,False,False,False,False,False
2023-05-04 10:40:00,404.1,404.445,404.075,404.25,224107,SPY,403.945,False,False,False,False,False,False,False,False,False,False,False,False
2023-05-04 10:41:00,404.25,404.4291,404.115,404.32,150754,SPY,403.945,False,False,False,False,False,False,False,False,False,False,False,False
2023-05-04 10:42:00,404.32,404.78,404.27,404.72,265660,SPY,403.945,False,False,False,False,False,False,False,False,False,False,False,False
2023-05-04 10:43:00,404.72,404.7299,404.4,404.48,219215,SPY,403.995,False,False,False,False,False,False,False,False,False,False,False,False
2023-05-04 10:44:00,404.49,404.66,404.28,404.32,182457,SPY,404.05,False,False,False,False,False,False,False,False,False,False,False,False
2023-05-04 10:45:00,404.31,404.5,404.255,404.2805,122206,SPY,404.05,False,False,False,False,False,False,False,False,False,False,False,False
2023-05-04 10:46:00,404.27,405.66,404.16,405.51,638589,SPY,404.05,False,False,False,False,False,False,False,False,False,False,False,False
2023-05-04 10:47:00,405.51,405.75,405.05,405.28,480727,SPY,404.05,False,False,False,False,False,False,False,False,False,False,False,False
2023-05-04 10:48:00,405.29,405.41,405.09,405.17,235864,SPY,404.05,False,False,False,False,False,False,False,False,False,False,False,False
2023-05-04 10:49:00,405.15,405.325,404.91,404.95,256097,SPY,404.075,False,False,False,False,False,False,False,False,False,False,False,False
2023-05-04 10:50:00,404.93,405.01,404.7301,404.75,179883,SPY,404.115,False,False,False,False,False,False,False,False,False,False,False,False
2023-05-04 10:51:00,404.765,404.9,404.66,404.87,201340,SPY,404.16,False,False,False,False,False,False,False,False,False,False,False,False
2023-05-04 10:52:00,404.86,405.2,404.64,404.8,220324,SPY,404.16,False,False,False,False,False,False,False,False,False,False,False,False
2023-05-04 10:53:00,404.81,405.1,404.73,405.1,157914,SPY,404.16,False,False,False,False,False,False,False,False,False,False,False,False
2023-05-04 10:54:00,405.14,405.43,405.05,405.39,149803,SPY,404.16,False,False,False,False,False,False,False,False,False,False,False,False
2023-05-04 10:55:00,405.4,405.54,405.23,405.29,192633,SPY,404.16,False,False,False,False,False,False,False,False,False,False,False,False
2023-05-04 10:56:00,405.285,405.31,405.03,405.2,177350,SPY,404.64,False,False,False,False,False,False,False,False,False,False,False,False
2023-05-04 10:57:00,405.2,405.2,404.88,404.95,146415,SPY,404.64,False,False,False,False,False,False,False,False,False,False,False,False
2023-05-04 10:58:00,404.955,404.955,404.65,404.82,153103,SPY,404.64,False,False,False,False,False,False,False,False,False,False,False,False
2023-05-04 10:59:00,404.835,404.97,404.7,404.87,108242,SPY,404.64,False,False,False,False,False,False,False,False,False,False,False,False
2023-05-04 11:00:00,404.86,405.19,404.7,405.13,141777,SPY,404.64,False,False,False,False,False,False,False,False,False,False,False,False
2023-05-04 11:01:00,405.12,405.19,404.84,404.975,218170,SPY,404.64,False,False,False,False,False,False,False,False,False,False,False,False
2023-05-04 11:02:00,404.97,405.085,404.71,404.735,265969,SPY,404.65,False,False,False,False,False,False,False,False,False,False,False,False
2023-05-04 11:03:00,404.72,404.96,404.59,404.685,181785,SPY,404.59,False,False,False,False,False,False,False,False,False,False,False,False
2023-05-04 11:04:00,404.69,404.92,404.64,404.9,130281,SPY,404.59,False,False,False,False,False,False,False,False,False,False,False,False
2023-05-04 11:05:00,404.87,405.28,404.815,405.185,243301,SPY,404.59,False,False,False,False,False,False,False,False,False,False,False,False
2023-05-04 11:06:00,405.19,405.32,405.03,405.165,187732,SPY,404.59,False,False,False,False,False,False,False,False,False,False,False,False
2023-05-04 11:07:00,405.164,405.71,405.08,405.61,242033,SPY,404.59,False,False,False,False,False,False,False,False,False,False,False,False
2023-05-04 11:08:00,405.6,405.77,405.48,405.7101,188216,SPY,404.59,False,False,False,False,False,False,False,False,False,False,False,False
2023-05-04 11:09:00,405.76,406.5201,405.76,406.09,513411,SPY,404.59,False,False,False,False,False,False,False,False,False,False,False,False
2023-05-04 11:10:00,406.1,406.26,405.94,405.9802,500325,SPY,404.59,False,False,False,False,False,False,False,False,False,False,False,False
2023-05-04 11:11:00,405.985,406.18,405.87,406.02,157627,SPY,404.59,False,False,False,False,False,False,False,False,False,False,False,False
2023-05-04 11:12:00,406.02,406.19,405.9299,406.01,172013,SPY,404.59,False,False,False,False,False,False,False,False,False,False,False,False
2023-05-04 11:13:00,406.0201,406.275,405.98,406.275,151381,SPY,404.64,False,False,False,False,False,False,False,False,False,False,False,False
2023-05-04 11:14:00,406.28,406.45,406.12,406.16,161727,SPY,404.815,False,False,False,False,False,False,False,False,False,False,False,False
2023-05-04 11:15:00,406.17,406.34,406.03,406.06,174057,SPY,405.03,False,False,False,False,False,False,False,False,False,False,False,False
2023-05-04 11:16:00,406.06,406.19,405.93,405.94,190271,SPY,405.08,False,False,False,False,False,False,False,False,False,False,False,False
2023-05-04 11:17:00,405.94,405.95,405.62,405.69,220595,SPY,405.48,False,False,False,False,False,False,False,False,False,False,False,False
2023-05-04 11:18:00,405.7,405.76,405.38,405.3985,188804,SPY,405.38,False,False,False,False,False,False,False,False,False,False,False,False
2023-05-04 11:19:00,405.4,405.59,405.33,405.51,179935,SPY,405.33,False,False,False,False,False,False,False,False,False,False,False,False
2023-05-04 11:20:00,405.52,405.62,405.3001,405.4,160285,SPY,405.3001,False,False,False,False,False,False,False,False,False,False,False,False
2023-05-04 11:21:00,405.41,405.57,405.35,405.44,107022,SPY,405.3001,False,False,False,False,False,False,False,False,False,False,False,False
2023-05-04 11:22:00,405.45,405.695,405.42,405.56,171791,SPY,405.3001,False,False,False,False,False,False,False,False,False,False,False,False
2023-05-04 11:23:00,405.57,405.7001,405.51,405.52,104438,SPY,405.3001,False,False,False,False,False,False,False,False,False,False,False,False
2023-05-04 11:24:00,405.53,405.6,405.33,405.36,132823,SPY,405.3001,False,False,False,False,False,False,False,False,False,False,False,False
2023-05-04 11:25:00,405.36,405.52,405.335,405.48,92428,SPY,405.3001,False,False,False,False,False,False,False,False,False,False,False,False
2023-05-04 11:26:00,405.485,405.65,405.44,405.47,118438,SPY,405.3001,False,False,False,False,False,False,False,False,False,False,False,False
2023-05-04 11:27:00,405.452,405.625,405.41,405.58,74185,SPY,405.3001,False,False,False,False,False,False,False,False,False,False,False,False
2023-05-04 11:28:00,405.5618,405.565,405.2,405.25,186866,SPY,405.2,False,False,False,False,False,False,False,False,False,False,False,False
2023-05-04 11:29:00,405.25,405.37,405.13,405.24,151467,SPY,405.13,False,False,False,False,False,False,False,False,False,False,False,False
2023-05-04 11:30:00,405.24,405.47,405.17,405.17,151282,SPY,405.13,False,False,False,False,False,False,False,False,False,False,False,False
2023-05-04 11:31:00,405.17,405.26,405.12,405.14,130896,SPY,405.12,False,False,False,False,False,False,False,False,False,False,False,False
2023-05-04 11:32:00,405.14,405.27,404.92,404.945,218024,SPY,404.92,False,False,False,False,False,False,False,False,False,False,False,False
2023-05-04 11:33:00,404.935,405.05,404.86,404.99,170665,SPY,404.86,False,False,False,False,False,False,False,False,False,False,False,False
2023-05-04 11:34:00,405.0,405.1799,404.93,405.0511,118385,SPY,404.86,False,False,False,False,False,False,False,False,False,False,False,False
2023-05-04 11:35:00,405.06,405.17,404.92,404.9401,119281,SPY,404.86,False,False,False,False,False,False,False,False,False,False,False,False
2023-05-04 11:36:00,404.9688,404.99,404.8001,404.84,129923,SPY,404.8001,False,False,False,False,False,False,False,False,False,False,False,False
2023-05-04 11:37:00,404.83,405.215,404.83,405.19,118847,SPY,404.8001,False,False,False,False,False,False,False,False,False,False,False,False
2023-05-04 11:38:00,405.18,405.23,405.11,405.11,114132,SPY,404.8001,False,False,False,False,False,False,False,False,False,False,False,False
2023-05-04 11:39:00,405.12,405.23,404.96,405.1301,77618,SPY,404.8001,False,False,False,False,False,False,False,False,False,False,False,False
2023-05-04 11:40:00,405.125,405.28,405.12,405.19,156960,SPY,404.8001,False,False,False,False,False,False,False,False,False,False,False,False
2023-05-04 11:41:00,405.16,405.22,405.04,405.22,66664,SPY,404.8001,False,False,False,False,False,False,False,False,False,False,False,False
2023-05-04 11:42:00,405.24,405.24,405.08,405.18,52830,SPY,404.8001,False,False,False,False,False,False,False,False,False,False,False,False
2023-05-04 11:43:00,405.19,405.21,404.98,405.0118,61517,SPY,404.8001,False,False,False,False,False,False,False,False,False,False,False,False
2023-05-04 11:44:00,405.01,405.07,404.8401,404.8401,61369,SPY,404.8001,False,False,False,False,False,False,False,False,False,False,False,False
2023-05-04 11:45:00,404.84,404.981,404.8153,404.981,53608,SPY,404.8001,False,False,False,False,False,False,False,False,False,False,False,False
2023-05-04 11:46:00,404.99,405.1,404.77,404.84,98161,SPY,404.77,False,False,False,False,False,False,False,False,False,False,False,False
2023-05-04 11:47:00,404.83,404.87,404.66,404.77,83205,SPY,404.66,False,False,False,False,False,False,False,False,False,False,False,False
2023-05-04 11:48:00,404.78,404.8,404.58,404.695,64950,SPY,404.58,False,False,False,False,False,False,False,False,False,False,False,False
2023-05-04 11:49:00,404.69,404.73,404.48,404.5599,95559,SPY,404.48,False,False,False,False,False,False,False,False,False,False,False,False
2023-05-04 11:50:00,404.57,404.61,404.295,404.31,137129,SPY,404.295,False,False,False,False,False,False,False,False,False,False,False,False
2023-05-04 11:51:00,404.3,404.565,404.25,404.47,239244,SPY,404.25,False,False,False,False,False,False,False,False,False,False,False,False
2023-05-04 11:52:00,404.465,404.48,404.26,404.4,252513,SPY,404.25,False,False,False,False,False,False,False,False,False,False,False,False
2023-05-04 11:53:00,404.395,404.48,404.28,404.34,262536,SPY,404.25,False,False,False,False,False,False,False,False,False,False,False,False
2023-05-04 11:54:00,404.35,404.44,404.315,404.38,58322,SPY,404.25,False,False,False,False,False,False,False,False,False,False,False,False
2023-05-04 11:55:00,404.376,404.43,404.28,404.3901,139523,SPY,404.25,False,False,False,False,False,False,False,False,False,False,False,False
2023-05-04 11:56:00,404.39,404.44,404.23,404.32,122455,SPY,404.23,False,False,False,False,False,False,False,False,False,False,False,False
2023-05-04 11:57:00,404.31,404.32,404.21,404.3,84728,SPY,404.21,False,False,False,False,False,False,False,False,False,False,False,False
2023-05-04 11:58:00,404.31,404.55,404.28,404.55,153935,SPY,404.21,False,False,False,False,False,False,False,False,False,False,False,False
2023-05-04 11:59:00,404.545,404.61,404.33,404.3601,156653,SPY,404.21,False,False,False,False,False,False,False,False,False,False,False,False
2023-05-04 12:00:00,404.34,404.48,404.205,404.2301,113266,SPY,404.205,False,False,False,False,False,False,False,False,False,False,False,False
2023-05-04 12:01:00,404.23,404.279,404.1,404.205,107128,SPY,404.1,False,False,False,False,False,False,False,False,False,False,False,False
2023-05-04 12:02:00,404.2,404.34,404.16,404.18,140392,SPY,404.1,False,False,False,False,False,False,False,False,False,False,False,False
2023-05-04 12:03:00,404.17,404.43,404.16,404.36,62258,SPY,404.1,False,False,False,False,False,False,False,False,False,False,False,False
2023-05-04 12:04:00,404.35,404.372,404.19,404.19,77354,SPY,404.1,False,False,False,False,False,False,False,False,False,False,False,False
2023-05-04 12:05:00,404.2,404.25,404.13,404.23,103167,SPY,404.1,False,False,False,False,False,False,False,False,False,False,False,False
2023-05-04 12:06:00,404.22,404.31,404.12,404.16,95924,SPY,404.1,False,False,False,False,False,False,False,False,False,False,False,False
2023-05-04 12:07:00,404.15,404.232,403.91,403.93,203144,SPY,403.91,False,False,False,False,False,False,False,False,False,False,False,False
2023-05-04 12:08:00,403.92,403.985,403.74,403.795,300716,SPY,403.74,False,False,False,False,False,False,False,False,False,False,False,False
2023-05-04 12:09:00,403.79,404.12,403.79,404.1,113447,SPY,403.74,False,False,False,False,False,False,False,False,False,False,False,False
2023-05-04 12:10:00,404.1,404.13,403.91,403.92,117054,SPY,403.74,False,False,False,False,False,False,False,False,False,False,False,False
2023-05-04 12:11:00,403.93,404.04,403.87,403.885,97387,SPY,403.74,False,False,False,False,False,False,False,False,False,False,False,False
2023-05-04 12:12:00,403.86,404.03,403.85,404.02,97601,SPY,403.74,False,False,False,False,False,False,False,False,False,False,False,False
2023-05-04 12:13:00,404.02,404.09,403.925,403.9899,89897,SPY,403.74,False,False,False,False,False,False,False,False,False,False,False,False
2023-05-04 12:14:00,403.96,404.23,403.93,404.125,99049,SPY,403.74,False,False,False,False,False,False,False,False,False,False,False,False
2023-05-04 12:15:00,404.13,404.35,404.1,404.31,236178,SPY,403.74,False,False,False,False,False,False,False,False,False,False,False,False
2023-05-04 12:16:00,404.31,404.55,404.31,404.5,164356,SPY,403.74,False,False,False,False,False,False,False,False,False,False,False,False
2023-05-04 12:17:00,404.5,404.9,404.455,404.87,193582,SPY,403.74,False,False,False,False,False,False,False,False,False,False,False,False
2023-05-04 12:18:00,404.875,404.875,404.63,404.67,95969,SPY,403.79,False,False,False,False,False,False,False,False,False,False,False,False
2023-05-04 12:19:00,404.66,404.77,404.58,404.63,134337,SPY,403.85,False,False,False,False,False,False,False,False,False,False,False,False
2023-05-04 12:20:00,404.63,404.83,404.62,404.82,116754,SPY,403.85,False,False,False,False,False,False,False,False,False,False,False,False
2023-05-04 12:21:00,404.8101,404.9,404.78,404.9,71075,SPY,403.85,False,False,False,False,False,False,False,False,False,False,False,False
2023-05-04 12:22:00,404.904,405.11,404.89,405.06,145777,SPY,403.925,False,False,False,False,False,False,False,False,False,False,False,False
2023-05-04 12:23:00,405.07,405.222,405.001,405.222,149195,SPY,403.93,False,False,False,False,False,False,False,False,False,False,False,False
2023-05-04 12:24:00,405.23,405.38,405.19,405.28,155849,SPY,404.1,False,False,False,False,False,False,False,False,False,False,False,False
2023-05-04 12:25:00,405.29,405.42,405.18,405.2,166216,SPY,404.31,False,False,False,False,False,False,False,False,False,False,False,False
2023-05-04 12:26:00,405.205,405.345,405.13,405.3,114906,SPY,404.455,False,False,False,False,False,False,False,False,False,False,False,False
2023-05-04 12:27:00,405.31,405.38,405.16,405.24,124719,SPY,404.58,False,False,False,False,False,False,False,False,False,False,False,False
2023-05-04 12:28:00,405.27,405.32,405.2,405.29,77222,SPY,404.58,False,False,False,False,False,False,False,False,False,False,False,False
2023-05-04 12:29:00,405.3,405.45,405.24,405.425,67959,SPY,404.62,False,False,False,False,False,False,False,False,False,False,False,False
2023-05-04 12:30:00,405.43,405.61,405.39,405.47,194547,SPY,404.78,False,False,False,False,False,False,False,False,False,False,False,False
2023-05-04 12:31:00,405.48,405.48,405.1,405.13,170786,SPY,404.89,False,False,False,False,False,False,False,False,False,False,False,False
2023-05-04 12:32:00,405.14,405.1663,404.85,404.98,153243,SPY,404.85,False,False,False,False,False,False,False,False,False,False,False,False
2023-05-04 12:33:00,404.98,405.008,404.87,404.9281,98836,SPY,404.85,False,False,False,False,False,False,False,False,False,False,False,False
2023-05-04 12:34:00,404.93,405.05,404.895,405.0268,73524,SPY,404.85,False,False,False,False,False,False,False,False,False,False,False,False
2023-05-04 12:35:00,405.03,405.0794,404.88,405.07,79102,SPY,404.85,False,False,False,False,False,False,False,False,False,False,False,False
2023-05-04 12:36:00,405.075,405.182,405.025,405.07,70445,SPY,404.85,False,False,False,False,False,False,False,False,False,False,False,False
2023-05-04 12:37:00,405.09,405.21,405.075,405.145,44438,SPY,404.85,False,False,False,False,False,False,False,False,False,False,False,False
2023-05-04 12:38:00,405.14,405.22,405.09,405.19,48319,SPY,404.85,False,False,False,False,False,False,False,False,False,False,False,False
2023-05-04 12:39:00,405.1822,405.31,405.16,405.22,49297,SPY,404.85,False,False,False,False,False,False,False,False,False,False,False,False
2023-05-04 12:40:00,405.21,405.345,405.2,405.32,68668,SPY,404.85,False,False,False,False,False,False,False,False,False,False,False,False
2023-05-04 12:41:00,405.34,405.34,405.16,405.18,65210,SPY,404.85,False,False,False,False,False,False,False,False,False,False,False,False
2023-05-04 12:42:00,405.185,405.19,405.03,405.14,113036,SPY,404.87,False,False,False,False,False,False,False,False,False,False,False,False
2023-05-04 12:43:00,405.14,405.165,404.997,405.03,67788,SPY,404.88,False,False,False,False,False,False,False,False,False,False,False,False
2023-05-04 12:44:00,405.03,405.03,404.89,404.8921,121318,SPY,404.88,False,False,False,False,False,False,False,False,False,False,False,False
2023-05-04 12:45:00,404.901,404.91,404.68,404.77,147429,SPY,404.68,False,False,False,False,False,False,False,False,False,False,False,False
2023-05-04 12:46:00,404.79,405.04,404.73,405.03,89047,SPY,404.68,False,False,False,False,False,False,False,False,False,False,False,False
2023-05-04 12:47:00,405.025,405.22,405.025,405.09,116091,SPY,404.68,False,False,False,False,False,False,False,False,False,False,False,False
2023-05-04 12:48:00,405.1,405.16,405.01,405.05,37667,SPY,404.68,False,False,False,False,False,False,False,False,False,False,False,False
2023-05-04 12:49:00,405.06,405.17,404.97,405.1599,32561,SPY,404.68,False,False,False,False,False,False,False,False,False,False,False,False
2023-05-04 12:50:00,405.15,405.27,405.01,405.06,68464,SPY,404.68,False,False,False,False,False,False,False,False,False,False,False,False
2023-05-04 12:51:00,405.0501,405.09,404.87,404.98,54613,SPY,404.68,False,False,False,False,False,False,False,False,False,False,False,False
2023-05-04 12:52:00,404.98,404.98,404.83,404.96,60491,SPY,404.68,False,False,False,False,False,False,False,False,False,False,False,False
2023-05-04 12:53:00,404.96,404.97,404.87,404.909,75281,SPY,404.68,False,False,False,False,False,False,False,False,False,False,False,False
2023-05-04 12:54:00,404.91,405.06,404.865,405.0199,71025,SPY,404.68,False,False,False,False,False,False,False,False,False,False,False,False
2023-05-04 12:55:00,405.02,405.36,405.0,405.33,170969,SPY,404.73,False,False,False,False,False,False,False,False,False,False,False,False
2023-05-04 12:56:00,405.33,405.44,405.33,405.44,78260,SPY,404.83,False,False,False,False,False,False,False,False,False,False,False,False
2023-05-04 12:57:00,405.44,405.66,405.39,405.65,177297,SPY,404.83,False,False,False,False,False,False,False,False,False,False,False,False
2023-05-04 12:58:00,405.66,405.78,405.58,405.686,119581,SPY,404.83,False,False,False,False,False,False,False,False,False,False,False,False
2023-05-04 12:59:00,405.69,405.85,405.69,405.82,282712,SPY,404.83,False,False,False,False,False,False,False,False,False,False,False,False
2023-05-04 13:00:00,405.84,405.92,405.73,405.76,343759,SPY,404.83,False,False,False,False,False,False,False,False,False,False,False,False
2023-05-04 13:01:00,405.76,405.78,405.59,405.685,165134,SPY,404.83,False,False,False,False,False,False,False,False,False,False,False,False
2023-05-04 13:02:00,405.67,405.7,405.58,405.665,90271,SPY,404.865,False,False,False,False,False,False,False,False,False,False,False,False
2023-05-04 13:03:00,405.66,405.695,405.58,405.5852,46092,SPY,404.865,False,False,False,False,False,False,False,False,False,False,False,False
2023-05-04 13:04:00,405.59,405.75,405.588,405.71,66217,SPY,405.0,False,False,False,False,False,False,False,False,False,False,False,False
2023-05-04 13:05:00,405.74,405.79,405.67,405.735,64180,SPY,405.33,False,False,False,False,False,False,False,False,False,False,False,False
2023-05-04 13:06:00,405.74,405.77,405.73,405.74,4233,SPY,405.39,False,False,False,False,False,False,False,False,False,False,False,False
